{
  "mode": "Video FX",
  "params": [
    0.614,
    0.24144461142595788,
    1.0,
    0.0,
    0.632,
    0.596,
    0.0,
    0.0
  ],
  "cc_map": {},
  "_studio_params": {
    "cam_idx": 0,
    "u_warp_mode": 0,
    "u_warp_amt": 1.5,
    "u_warp_spd": 0.6814147619777795,
    "u_warp_freq": 0.6948821271958747,
    "u_warp_twist": 0.0,
    "u_feedback": 0.6874018256879868,
    "u_fb_mode": 2,
    "u_fb_zoom": 0.6628639463857603,
    "u_fb_rotate": 0.67236352459127,
    "u_fb_hue_shift": 0.798,
    "u_glitch_mode": 2,
    "u_glitch_amt": 0.921,
    "u_chroma": 0.24144461142595788,
    "u_glitch_rate": 0.5663741435509546,
    "u_glitch_scale": 0.39977844448887156,
    "u_zoom": 1.0,
    "u_mirror": 3,
    "u_pal_mode": 1,
    "u_pal_0": [
      1.0,
      1.0,
      1.0
    ],
    "u_pal_1": [
      0.5000076293945312,
      0.5000076293945312,
      0.5000076293945312
    ],
    "u_pal_2": [
      0.3779354691505432,
      0.3684596121311188,
      0.3678797483444214
    ],
    "u_pal_3": [
      1.0,
      1.0,
      1.0
    ],
    "u_hue": -1.0,
    "u_sat": 2.528,
    "u_contrast": 3.0,
    "u_posterize": 0.21,
    "u_rgb_r": 0.509,
    "u_rgb_g": 0.5,
    "u_rgb_b": 0.509,
    "u_invert": 0.0,
    "u_edge_mix": 0.0,
    "u_edge_hue": 0.009717917847229418,
    "u_grain": 0.991,
    "u_rf": 0.798,
    "u_scanlines": 0.737,
    "u_lfo_rate": 0.316,
    "u_lfo_depth": 1.0,
    "u_lfo_target": 0,
    "u_react": 0.0,
    "u_beat_punch": 0.0,
    "u_mix": 1.0,
    "u_gain": 0.596
  }
}