{
  "mode": "Video FX",
  "params": [
    0.041422800370708626,
    0.24144461142595788,
    0.36573260626039783,
    0.27489308363090026,
    0.20775456044821045,
    0.5012141824540245,
    0.0,
    0.662843082806455
  ],
  "cc_map": {},
  "_studio_params": {
    "cam_idx": 0,
    "u_warp_mode": 3,
    "u_warp_amt": 0.5485989093905967,
    "u_warp_spd": 0.6814147619777795,
    "u_warp_freq": 0.6948821271958747,
    "u_warp_twist": 0.0,
    "u_feedback": 0.6874018256879868,
    "u_fb_mode": 2,
    "u_fb_zoom": 0.6628639463857603,
    "u_fb_rotate": 0.67236352459127,
    "u_fb_hue_shift": 0.0,
    "u_glitch_mode": 2,
    "u_glitch_amt": 0.06213420055606294,
    "u_chroma": 0.24144461142595788,
    "u_glitch_rate": 0.5663741435509546,
    "u_glitch_scale": 0.39977844448887156,
    "u_zoom": 0.6019765733827351,
    "u_mirror": 3,
    "u_pal_mode": 4,
    "u_pal_0": [
      0.1332364050530684,
      0.0035919966935219986,
      0.10504973469195704
    ],
    "u_pal_1": [
      0.505099690299502,
      0.07695233216590697,
      0.1655809274789484
    ],
    "u_pal_2": [
      0.386212139586967,
      0.6059506060403504,
      0.23539364615456698
    ],
    "u_pal_3": [
      0.6949406071416626,
      0.6918342559816746,
      0.8491836036405913
    ],
    "u_hue": -0.4502138327381995,
    "u_sat": 0.8310182417928418,
    "u_contrast": 1.4470198289390312,
    "u_posterize": 0.0,
    "u_rgb_r": 0.49319903076848726,
    "u_rgb_g": 0.40944094853099067,
    "u_rgb_b": 0.5533480428035358,
    "u_invert": 0.07140361437744336,
    "u_edge_mix": 0.0,
    "u_edge_hue": 0.009717917847229418,
    "u_grain": 0.019159576750799767,
    "u_rf": 0.028163925592676622,
    "u_scanlines": 0.2840746188658977,
    "u_lfo_rate": 0.6884028034129945,
    "u_lfo_depth": 0.598013718792197,
    "u_lfo_target": 3,
    "u_react": 0.4128322864105838,
    "u_beat_punch": 0.662843082806455,
    "u_mix": 0.9164548833945982,
    "u_gain": 0.5012141824540245
  }
}