{
  "mode": "Intercept",
  "params": [
    0.5604494892969468,
    0.6976606725456886,
    0.13060059701711135,
    0.5862826639539347,
    0.5344152845742187,
    0.7213909613091212,
    0.6735751567176647,
    0.7765673045243393
  ],
  "cc_map": {},
  "_studio_params": {
    "cam_idx": 0,
    "u_warp_mode": 0,
    "u_warp_amt": 0.8406742339454203,
    "u_warp_spd": 0.4296367532395421,
    "u_warp_freq": 0.5833323301959447,
    "u_warp_twist": 0.0,
    "u_feedback": 0.676730852369318,
    "u_fb_mode": 1,
    "u_fb_zoom": 0.4134582836027668,
    "u_fb_rotate": 0.5128803653307006,
    "u_fb_hue_shift": 0.0,
    "u_glitch_mode": 0,
    "u_glitch_amt": 0.19590089552566703,
    "u_chroma": 0.5862826639539347,
    "u_glitch_rate": 0.5527457077213507,
    "u_glitch_scale": 0.2184990918438771,
    "u_zoom": 0.5472508466897459,
    "u_mirror": 0,
    "u_pal_mode": 1,
    "u_pal_0": [
      0.078359224697735,
      0.028927255361249075,
      0.05788488820755515
    ],
    "u_pal_1": [
      0.31852683142991184,
      0.06078560728659092,
      0.47329790137431293
    ],
    "u_pal_2": [
      0.8609801323960349,
      0.5752570560459722,
      0.3642357955373798
    ],
    "u_pal_3": [
      0.9251274140236865,
      0.7773875705633797,
      0.8842692580949476
    ],
    "u_hue": 0.44278192261824223,
    "u_sat": 2.137661138296875,
    "u_contrast": 1.1501688946341628,
    "u_posterize": 0.0,
    "u_rgb_r": 0.3595876102801854,
    "u_rgb_g": 0.454268538293382,
    "u_rgb_b": 0.5524213805053906,
    "u_invert": 0.0,
    "u_edge_mix": 0.0,
    "u_edge_hue": 0.37530939925537166,
    "u_grain": 0.15175385579547873,
    "u_rf": 0.28632335027543987,
    "u_scanlines": 0.0,
    "u_lfo_rate": 0.6285857475803353,
    "u_lfo_depth": 0.0,
    "u_lfo_target": 2,
    "u_react": 0.7765673045243393,
    "u_beat_punch": 0.5838448806725587,
    "u_mix": 0.7044031113339028,
    "u_gain": 0.6735751567176647
  }
}